id_transacao,ativo,quantidade,preco_anterior,preco_atual,pnl_reportado,pnl_calculado,diferenca_abs,status
3,ITUB4,2000,28.5,29.0,990.0,1000.0,10.0,WARNING
4,BBDC4,10000,14.0,13.5,-4000.0,-5000.0,1000.0,CRITICAL
5,WEGE3,300,40.0,42.0,500.0,600.0,100.0,WARNING
6,PETR4,5000,30.5,31.0,2300.0,2500.0,200.0,CRITICAL
7,MGLU3,100000,2.1,2.0,-9500.0,-10000.00000000001,500.0000000000091,CRITICAL
8,B3SA3,4000,11.2,11.5,1100.0,1200.0000000000027,100.00000000000273,CRITICAL
